use flower_shop;

-- 插入鲜花信息数据
INSERT INTO t_flower (f_id, f_color, f_price, f_number)
VALUES (1, '红色', 29.99, '100'),
       (2, '白色', 39.99, '80'),
       (3, '粉色', 34.99, '120'),
       (4, '黄色', 25.99, '90'),
       (5, '紫色', 49.99, '60'),
       (6, '蓝色', 44.99, '110'),
       (7, '绿色', 19.99, '70'),
       (8, '橙色', 37.99, '85'),
       (9, '青色', 32.99, '95'),
       (10, '金色', 54.99, '50'),
       (11, '银色', 59.99, '40'),
       (12, '灰色', 28.99, '75'),
       (13, '棕色', 23.99, '65'),
       (14, '黑色', 42.99, '55'),
       (15, '白色', 36.99, '105');

-- 插入公告数据
INSERT INTO t_public_notice (pn_id, pn_number, pn_price, pn_variety)
VALUES (1, 50, 25.99, '玫瑰花'),
       (2, 60, 30.99, '康乃馨'),
       (3, 80, 35.99, '百合花'),
       (4, 70, 28.99, '郁金香'),
       (5, 45, 19.99, '满天星'),
       (6, 55, 32.99, '向日葵'),
       (7, 90, 39.99, '茉莉花'),
       (8, 65, 23.99, '牡丹花'),
       (9, 75, 37.99, '薰衣草'),
       (10, 85, 34.99, '绣球花'),
       (11, 40, 26.99, '海棠花'),
       (12, 30, 21.99, '风信子'),
       (13, 58, 31.99, '芍药花'),
       (14, 68, 29.99, '石竹花'),
       (15, 72, 33.99, '梅花');

-- 插入鲜花分类数据
INSERT INTO t_flower_classify (f_id, fc_color, fc_implication, fc_variety)
VALUES (1, '红色', '爱情', '玫瑰'),
       (2, '白色', '纯洁', '康乃馨'),
       (3, '粉色', '温柔', '百合'),
       (4, '黄色', '阳光', '向日葵'),
       (5, '紫色', '高贵', '蓝紫罗兰'),
       (6, '蓝色', '宁静', '蓝雪花'),
       (7, '绿色', '生机', '绿萝'),
       (8, '橙色', '活力', '万寿菊'),
       (9, '青色', '清新', '蓝莓花'),
       (10, '金色', '富贵', '金盏花'),
       (11, '银色', '辉煌', '银叶菊'),
       (12, '灰色', '成熟', '灰石竹'),
       (13, '棕色', '稳重', '棕榈花'),
       (14, '黑色', '神秘', '黑玫瑰'),
       (15, '白色', '洁净', '白百合');

-- 插入用户数据
INSERT INTO t_user (u_id, u_name, u_status, u_password, u_mail, u_expect, u_creat_time)
VALUES ('1001', '张三', '1', MD5('123456'), 'zhangsan@example.com', 0.9, '2024-04-15 10:00:00'),
       ('1002', '李四', '1', MD5('654321'), 'lisi@example.com', 0.8, '2024-04-15 11:00:00'),
       ('1003', '王五', '1', MD5('abc123'), 'wangwu@example.com', 0.85, '2024-04-15 12:00:00'),
       ('1004', '赵六', '1', MD5('666666'), 'zhaoliu@example.com', 0.88, '2024-04-15 13:00:00'),
       ('1005', '小七', '1', MD5('888888'), 'xiaoqi@example.com', 0.82, '2024-04-15 14:00:00'),
       ('1006', '张良', '1', MD5('999999'), 'zhangliang@example.com', 0.78, '2024-04-15 15:00:00'),
       ('1007', '李广', '1', MD5('777777'), 'liguang@example.com', 0.92, '2024-04-15 16:00:00'),
       ('1008', '刘备', '0', MD5('password'), 'liubei@example.com', 0.95, '2024-04-15 17:00:00'),
       ('1009', '关羽', '0', MD5('guanyu123'), 'guanyu@example.com', 0.94, '2024-04-15 18:00:00'),
       ('1010', '张飞', '0', MD5('zhangfei456'), 'zhangfei@example.com', 0.91, '2024-04-15 19:00:00'),
       ('1011', '诸葛亮', '0', MD5('zhugeliang'), 'zhugeliang@example.com', 0.89, '2024-04-15 20:00:00'),
       ('1012', '孙权', '0', MD5('sunquan123'), 'sunquan@example.com', 0.87, '2024-04-15 21:00:00'),
       ('1013', '周瑜', '0', MD5('zhouyu456'), 'zhouyu@example.com', 0.83, '2024-04-15 22:00:00'),
       ('1014', '吕布', '0', MD5('lvbu789'), 'lvbu@example.com', 0.86, '2024-04-15 23:00:00'),
       ('1015', '貂蝉', '0', MD5('diaochan123'), 'diaochan@example.com', 0.81, '2024-04-15 00:00:00');

-- 插入用户联系方式数据
INSERT INTO t_user_contact (u_id, uc_name, uc_address, uc_tel)
VALUES ('1001', '张三', '上海市浦东新区', '13812345678'),
       ('1002', '李四', '北京市朝阳区', '13998765432'),
       ('1003', '王五', '广州市天河区', '13611112222'),
       ('1004', '赵六', '深圳市福田区', '13522223333'),
       ('1005', '小七', '成都市锦江区', '13333334444'),
       ('1006', '张良', '南京市鼓楼区', '13144445555'),
       ('1007', '李广', '武汉市江汉区', '13955556666'),
       ('1008', '刘备', '重庆市渝中区', '13866667777'),
       ('1009', '关羽', '西安市雁塔区', '13677778888'),
       ('1010', '张飞', '济南市历下区', '13588889999'),
       ('1011', '诸葛亮', '长沙市岳麓区', '13899990000'),
       ('1012', '孙权', '南昌市东湖区', '13900001111'),
       ('1013', '周瑜', '太原市小店区', '13611112222'),
       ('1014', '吕布', '沈阳市和平区', '13522223333'),
       ('1015', '貂蝉', '青岛市市南区', '13333334444');

-- 插入用户鲜花期望数据
INSERT INTO t_user_settings (u_id, f_id, us_expect)
VALUES ('1001', '1', 0.9),
       ('1002', '2', 0.8),
       ('1003', '3', 0.85),
       ('1004', '4', 0.88),
       ('1005', '5', 0.82),
       ('1006', '6', 0.78),
       ('1007', '7', 0.92),
       ('1008', '8', 0.95),
       ('1009', '9', 0.94),
       ('1010', '10', 0.91),
       ('1011', '11', 0.89),
       ('1012', '12', 0.87),
       ('1013', '13', 0.83),
       ('1014', '14', 0.86),
       ('1015', '15', 0.81);

-- 插入用户登录行为数据
INSERT INTO t_user_login_behavior (u_id, ulb_type, ulb_time)
VALUES ('1001', '0', '2024-04-15 10:05:00'),
       ('1002', '0', '2024-04-15 11:10:00'),
       ('1003', '0', '2024-04-15 12:15:00'),
       ('1004', '0', '2024-04-15 13:20:00'),
       ('1005', '0', '2024-04-15 14:25:00'),
       ('1006', '0', '2024-04-15 15:30:00'),
       ('1007', '0', '2024-04-15 16:35:00'),
       ('1008', '0', '2024-04-15 17:40:00'),
       ('1009', '0', '2024-04-15 18:45:00'),
       ('1010', '0', '2024-04-15 19:50:00'),
       ('1011', '0', '2024-04-15 20:55:00'),
       ('1012', '0', '2024-04-15 21:00:00'),
       ('1013', '0', '2024-04-15 22:05:00'),
       ('1014', '0', '2024-04-15 23:10:00'),
       ('1015', '0', '2024-04-15 00:15:00');

-- 插入用户搜索行为数据
INSERT INTO t_user_search_behavior (u_id, usb_time, ft_id, usb_content)
VALUES ('1001', '2024-04-15 10:20:00', '1', '玫瑰花'),
       ('1002', '2024-04-15 11:25:00', '2', '康乃馨'),
       ('1003', '2024-04-15 12:30:00', '3', '百合花'),
       ('1004', '2024-04-15 13:35:00', '4', '向日葵'),
       ('1005', '2024-04-15 14:40:00', '5', '紫罗兰'),
       ('1006', '2024-04-15 15:45:00', '6', '蓝雪花'),
       ('1007', '2024-04-15 16:50:00', '7', '绿萝'),
       ('1008', '2024-04-15 17:55:00', '8', '万寿菊'),
       ('1009', '2024-04-15 18:00:00', '9', '蓝莓花'),
       ('1010', '2024-04-15 19:05:00', '10', '金盏花'),
       ('1011', '2024-04-15 20:10:00', '11', '银叶菊'),
       ('1012', '2024-04-15 21:15:00', '12', '灰石竹'),
       ('1013', '2024-04-15 22:20:00', '13', '芍药花'),
       ('1014', '2024-04-15 23:25:00', '14', '石竹花'),
       ('1015', '2024-04-15 00:30:00', '15', '白百合');

-- 插入购物车数据
INSERT INTO t_Cart (u_id, f_id, c_count, c_status)
VALUES ('1001', '1', 3, '1'),
       ('1002', '2', 2, '1'),
       ('1003', '3', 4, '1'),
       ('1004', '4', 1, '1'),
       ('1005', '5', 5, '1'),
       ('1006', '6', 2, '1'),
       ('1007', '7', 3, '1'),
       ('1008', '8', 2, '1'),
       ('1009', '9', 4, '1'),
       ('1010', '10', 2, '1'),
       ('1011', '11', 3, '1'),
       ('1012', '12', 1, '1'),
       ('1013', '13', 4, '1'),
       ('1014', '14', 2, '1'),
       ('1015', '15', 3, '1');

-- 插入订单数据
INSERT INTO t_order (o_id, u_id, o_name, o_tel, o_address, o_notes, o_create_time, o_sum_price, o_status)
VALUES ('202404150001', '1001', '张三', '13812345678', '上海市浦东新区', '无', '2024-04-15 10:30:00', 89.97, '1'),
       ('202404150002', '1002', '李四', '13998765432', '北京市朝阳区', '无', '2024-04-15 11:30:00', 79.98, '1'),
       ('202404150003', '1003', '王五', '13611112222', '广州市天河区', '无', '2024-04-15 12:30:00', 143.96, '1'),
       ('202404150004', '1004', '赵六', '13522223333', '深圳市福田区', '无', '2024-04-15 13:30:00', 28.99, '1'),
       ('202404150005', '1005', '小七', '13333334444', '成都市锦江区', '无', '2024-04-15 14:30:00', 99.95, '1'),
       ('202404150006', '1006', '张良', '13144445555', '南京市鼓楼区', '无', '2024-04-15 15:30:00', 89.98, '1'),
       ('202404150007', '1007', '李广', '13955556666', '武汉市江汉区', '无', '2024-04-15 16:30:00', 59.97, '1'),
       ('202404150008', '1008', '刘备', '13866667777', '重庆市渝中区', '无', '2024-04-15 17:30:00', 75.98, '1'),
       ('202404150009', '1009', '关羽', '13677778888', '西安市雁塔区', '无', '2024-04-15 18:30:00', 151.96, '1'),
       ('202404150010', '1010', '张飞', '13588889999', '济南市历下区', '无', '2024-04-15 19:30:00', 109.98, '1'),
       ('202404150011', '1011', '诸葛亮', '13899990000', '长沙市岳麓区', '无', '2024-04-15 20:30:00', 80.91, '1'),
       ('202404150012', '1012', '孙权', '13900001111', '南昌市东湖区', '无', '2024-04-15 21:30:00', 23.99, '1'),
       ('202404150013', '1013', '周瑜', '13611112222', '太原市小店区', '无', '2024-04-15 22:30:00', 127.96, '1'),
       ('202404150014', '1014', '吕布', '13522223333', '沈阳市和平区', '无', '2024-04-15 23:30:00', 85.98, '1'),
       ('202404150015', '1015', '貂蝉', '13333334444', '青岛市市南区', '无', '2024-04-16 00:30:00', 110.97, '1');

-- 插入订单详情数据
INSERT INTO t_order_details (o_id, f_id, od_count)
VALUES ('202404150001', '1', 3),
       ('202404150002', '2', 2),
       ('202404150003', '3', 4),
       ('202404150004', '4', 1),
       ('202404150005', '5', 5),
       ('202404150006', '6', 2),
       ('202404150007', '7', 3),
       ('202404150008', '8', 2),
       ('202404150009', '9', 4),
       ('202404150010', '10', 2),
       ('202404150011', '11', 3),
       ('202404150012', '12', 1),
       ('202404150013', '13', 4),
       ('202404150014', '14', 2),
       ('202404150015', '15', 3);

update t_user
set u_password = MD5(u_password);